{
  "fractal20220817_data": {
    "action": {
      "mean": [
        0.005348534788936377,
        0.0033015806693583727,
        -0.012649008072912693,
        0.04152720049023628,
        -0.00964425504207611,
        -0.01030675508081913,
        0.5375720262527466
      ],
      "std": [
        0.07476747781038284,
        0.04498286172747612,
        0.07542243599891663,
        0.15152792632579803,
        0.16668884456157684,
        0.12922623753547668,
        0.4985211491584778
      ],
      "max": [
        1.0400383472442627,
        0.34234800934791565,
        0.3941895365715027,
        1.1211310625076294,
        1.0640323162078857,
        0.7951932549476624,
        1.0
      ],
      "min": [
        -0.41420263051986694,
        -0.3533446192741394,
        -0.4122661352157593,
        -0.6627852916717529,
        -0.9261988401412964,
        -0.6951188445091248,
        0.0
      ],
      "q01": [
        -0.24604135751724243,
        -0.16189385950565338,
        -0.2402450144290924,
        -0.2547782361507416,
        -0.5751757025718689,
        -0.46743130683898926,
        0.0
      ],
      "q99": [
        0.19317099452018738,
        0.12008969485759735,
        0.1970093995332718,
        0.5836610794067383,
        0.5621110200881958,
        0.346696674823761,
        1.0
      ],
      "mask": [
        true,
        true,
        true,
        true,
        true,
        true,
        false
      ]
    },
    "proprio": {
      "mean": [
        0.0,
        0.0,
        0.0,
        0.0,
        0.0,
        0.0,
        0.0
      ],
      "std": [
        0.0,
        0.0,
        0.0,
        0.0,
        0.0,
        0.0,
        0.0
      ],
      "max": [
        0.0,
        0.0,
        0.0,
        0.0,
        0.0,
        0.0,
        0.0
      ],
      "min": [
        0.0,
        0.0,
        0.0,
        0.0,
        0.0,
        0.0,
        0.0
      ],
      "q01": [
        0.0,
        0.0,
        0.0,
        0.0,
        0.0,
        0.0,
        0.0
      ],
      "q99": [
        0.0,
        0.0,
        0.0,
        0.0,
        0.0,
        0.0,
        0.0
      ]
    },
    "num_transitions": 83799,
    "num_trajectories": 1500
  }
}